"","commodity_variety_id","maincomm_code","maincomm_name","comm_code","comm_name","variety_code","variety_name"
"1",20,1,"Cereals",2,"Paddy",7,"I.R. 20"
"2",22,1,"Cereals",2,"Paddy",12,"I.R. 64"
"3",23,1,"Cereals",2,"Paddy",37,"Mangala (MR 272)"
"4",24,1,"Cereals",2,"Paddy",48,"Paddy 1001"
"5",26,1,"Cereals",2,"Paddy",54,"Bangarasanna"
"6",27,1,"Cereals",2,"Paddy",55,"Basumathi"
"7",28,1,"Cereals",2,"Paddy",56,"Coimbatore Kaddi"
"8",30,1,"Cereals",2,"Paddy",58,"Mandyavani"
"9",31,1,"Cereals",2,"Paddy",59,"Puspa (MR 301)"
"10",32,1,"Cereals",2,"Paddy",61,"Sanna Bhatta"
"11",34,1,"Cereals",2,"Paddy",63,"Vani (JET 2295)"
"12",35,1,"Cereals",2,"Paddy",64,"Alur Sanna"
"13",36,1,"Cereals",2,"Paddy",65,"Bellarysanna"
"14",38,1,"Cereals",2,"Paddy",67,"Chintamani Sanna"
"15",39,1,"Cereals",2,"Paddy",68,"China Sanna"
"16",40,1,"Cereals",2,"Paddy",70,"Intan"
"17",42,1,"Cereals",2,"Paddy",72,"Jeerigesanna"
"18",43,1,"Cereals",2,"Paddy",73,"Madhu (MR 136)"
"19",45,1,"Cereals",2,"Paddy",75,"Manila"
"20",46,1,"Cereals",2,"Paddy",76,"Nellore Sanna"
"21",47,1,"Cereals",2,"Paddy",77,"RatnaChudi (5-718 5-749)"
"22",49,1,"Cereals",2,"Paddy",79,"Sambar"
"23",50,1,"Cereals",2,"Paddy",80,"Sanna Anekal"
"24",51,1,"Cereals",2,"Paddy",81,"Sanna Honsu"
"25",53,1,"Cereals",2,"Paddy",83,"Anekowe"
"26",54,1,"Cereals",2,"Paddy",84,"Annapoorna"
"27",55,1,"Cereals",2,"Paddy",85,"Anekombu Sanna"
"28",57,1,"Cereals",2,"Paddy",87,"Bantwal"
"29",58,1,"Cereals",2,"Paddy",88,"Bilekagga"
"30",59,1,"Cereals",2,"Paddy",89,"Byra (Red Rice)"
"31",61,1,"Cereals",2,"Paddy",91,"Farm Kaddi"
"32",62,1,"Cereals",2,"Paddy",92,"Halubbulu (H 137)"
"33",63,1,"Cereals",2,"Paddy",93,"Hassan Dappa"
"34",65,1,"Cereals",2,"Paddy",95,"Jaya"
"35",66,1,"Cereals",2,"Paddy",96,"Kichadi"
"36",67,1,"Cereals",2,"Paddy",97,"Karekagga"
"37",69,1,"Cereals",2,"Paddy",100,"Mull - Bhatte"
"38",70,1,"Cereals",2,"Paddy",101,"Putta - Bhatta ( White rice)"
"39",71,1,"Cereals",2,"Paddy",102,"Padma"
"40",73,1,"Cereals",2,"Paddy",104,"Rasi"
"41",74,1,"Cereals",2,"Paddy",105,"Shakti"
"42",76,1,"Cereals",2,"Paddy",107,"Rajbhog"
"43",77,1,"Cereals",2,"Paddy",108,"Paddy Kaddi"
"44",78,1,"Cereals",2,"Paddy",109,"Paddy Malnad Gidda"
"45",80,1,"Cereals",2,"Paddy",111,"Paddy Sirla"
"46",81,1,"Cereals",2,"Paddy",112,"Paddy Dappa"
"47",82,1,"Cereals",2,"Paddy",113,"Paddy Jyoti"
"48",84,1,"Cereals",2,"Paddy",115,"Paddy Arti - Masuri"
"49",85,1,"Cereals",2,"Paddy",116,"Paddy Fine Variety"
"50",86,1,"Cereals",2,"Paddy",117,"Paddy Medium Variety"
"51",88,1,"Cereals",2,"Paddy",120,"Hansa"
"52",89,1,"Cereals",2,"Paddy",123,"Kesari (Coorg)"
"53",90,1,"Cereals",2,"Paddy",200,"SIRLA"
"54",92,1,"Cereals",2,"Paddy",250,"Sona Masuri Old "
"55",93,1,"Cereals",2,"Paddy",251,"Sona Masuri New"
"56",94,1,"Cereals",2,"Paddy",252,"Sujatha"
"57",95,1,"Cereals",2,"Paddy",253,"Super Sona"
"58",97,1,"Cereals",2,"Paddy",301,"Kaveri sona"
"59",98,1,"Cereals",3,"Rice",43,"Coarse"
"60",100,1,"Cereals",3,"Rice",45,"CR 1009 (Coarse) Boiled"
"61",101,1,"Cereals",3,"Rice",71,"Fine"
"62",102,1,"Cereals",3,"Rice",72,"Fine(Basmati)"
"63",104,1,"Cereals",3,"Rice",75,"H.Y.V."
"64",105,1,"Cereals",3,"Rice",87,"IR 20 Fine Raw"
"65",106,1,"Cereals",3,"Rice",88,"IR 20 Medium Boiled"
"66",108,1,"Cereals",3,"Rice",90,"IR 20"
"67",109,1,"Cereals",3,"Rice",92,"IR-8"
"68",2,1,"Cereals",1,"Wheat",10,"Coarse"
"69",3,1,"Cereals",1,"Wheat",25,"Mexican"
"70",4,1,"Cereals",1,"Wheat",48,"Superior"
"71",6,1,"Cereals",1,"Wheat",71,"Red"
"72",7,1,"Cereals",1,"Wheat",72,"White"
"73",8,1,"Cereals",1,"Wheat",73,"H.D."
"74",10,1,"Cereals",1,"Wheat",75,"Jawari"
"75",11,1,"Cereals",1,"Wheat",76,"Local"
"76",13,1,"Cereals",1,"Wheat",80,"Medium"
"77",14,1,"Cereals",1,"Wheat",81,"Medium Fine"
"78",15,1,"Cereals",1,"Wheat",82,"Mill Wheat"
"79",17,1,"Cereals",1,"Wheat",85,"Super Fine"
"80",18,1,"Cereals",1,"Wheat",999,"Other"
"81",206,1,"Cereals",5,"Jowar",4,"Local"
"82",207,1,"Cereals",5,"Jowar",5,"LRA"
"83",209,1,"Cereals",5,"Jowar",8,"Kesari"
"84",210,1,"Cereals",5,"Jowar",9,"Red"
"85",211,1,"Cereals",5,"Jowar",10,"Rabi"
"86",212,1,"Cereals",5,"Jowar",11,"H.B"
"87",214,1,"Cereals",5,"Jowar",13,"Bijapur"
"88",215,1,"Cereals",5,"Jowar",14,"Annigeri"
"89",217,1,"Cereals",5,"Jowar",16,"Bijapur Fine"
"90",218,1,"Cereals",5,"Jowar",17,"Bijapur IIIrd"
"91",195,1,"Cereals",4,"Maize",8,"Hybrid/Local"
"92",196,1,"Cereals",4,"Maize",9,"Local"
"93",197,1,"Cereals",4,"Maize",18,"Yellow"
"94",199,1,"Cereals",4,"Maize",31,"Vijaya"
"95",200,1,"Cereals",4,"Maize",32,"Jawari"
"96",201,1,"Cereals",4,"Maize",33,"White"
"97",203,1,"Cereals",4,"Maize",999,"Other"
"98",110,1,"Cereals",3,"Rice",99,"Boiled Rice"
"99",111,1,"Cereals",3,"Rice",119,"Masoori-Non Basmti"
"100",113,1,"Cereals",3,"Rice",121,"Medium"
"101",114,1,"Cereals",3,"Rice",150,"Sona Masuri Old "
"102",115,1,"Cereals",3,"Rice",151,"Sona Masuri New"
"103",117,1,"Cereals",3,"Rice",154,"Rice Floor"
"104",118,1,"Cereals",3,"Rice",155,"Emergency"
"105",119,1,"Cereals",3,"Rice",156,"I. R. - 64"
"106",121,1,"Cereals",3,"Rice",166,"Sona Coarse"
"107",122,1,"Cereals",3,"Rice",167,"Sona Fine"
"108",123,1,"Cereals",3,"Rice",168,"Sona Mansoori Non Basmati"
"109",125,1,"Cereals",3,"Rice",170,"Super Fine"
"110",126,1,"Cereals",3,"Rice",171,"Suvarna Best"
"111",127,1,"Cereals",3,"Rice",172,"Suvarna Medium"
"112",129,1,"Cereals",3,"Rice",182,"Jaya"
"113",130,1,"Cereals",3,"Rice",187,"Bangarkhovi"
"114",131,1,"Cereals",3,"Rice",188,"Bangar Kaddi"
"115",133,1,"Cereals",3,"Rice",190,"Basumathi"
"116",134,1,"Cereals",3,"Rice",191,"Coimbatore Kaddi"
"117",135,1,"Cereals",3,"Rice",192,"Gowrisanna"
"118",136,1,"Cereals",3,"Rice",193,"Mandya-vani"
"119",138,1,"Cereals",3,"Rice",197,"Sona"
"120",139,1,"Cereals",3,"Rice",198,"Vani (Jet 2295)"
"121",140,1,"Cereals",3,"Rice",199,"Alur Sanna"
"122",142,1,"Cereals",3,"Rice",202,"Chintamani Sanna"
"123",143,1,"Cereals",3,"Rice",203,"China Sanna"
"124",144,1,"Cereals",3,"Rice",204,"Coimbatore Sanna"
"125",146,1,"Cereals",3,"Rice",206,"Jenugudu"
"126",147,1,"Cereals",3,"Rice",207,"Jirigesanna"
"127",148,1,"Cereals",3,"Rice",208,"Madhu (MR 136)"
"128",150,1,"Cereals",3,"Rice",210,"Nellore Sanna"
"129",151,1,"Cereals",3,"Rice",211,"Ratnachudi (%, 718 5-749)"
"130",152,1,"Cereals",3,"Rice",212,"Rajahamsa"
"131",154,1,"Cereals",3,"Rice",214,"Sannaanekal"
"132",155,1,"Cereals",3,"Rice",215,"Sanna Honsu"
"133",157,1,"Cereals",3,"Rice",217,"Anekowe"
"134",158,1,"Cereals",3,"Rice",218,"Annapoorna"
"135",159,1,"Cereals",3,"Rice",219,"Anekombu Sanna"
"136",160,1,"Cereals",3,"Rice",220,"Balesuli"
"137",162,1,"Cereals",3,"Rice",222,"Bile Kagga"
"138",163,1,"Cereals",3,"Rice",223,"Byra (Red Rice)"
"139",164,1,"Cereals",3,"Rice",224,"Chikkahalga"
"140",166,1,"Cereals",3,"Rice",227,"Hassan Dappa"
"141",167,1,"Cereals",3,"Rice",229,"Karekagga"
"142",168,1,"Cereals",3,"Rice",230,"Kapila Sanna"
"143",170,1,"Cereals",3,"Rice",232,"Mull Bhatte"
"144",171,1,"Cereals",3,"Rice",233,"Mangal (MR 272)"
"145",172,1,"Cereals",3,"Rice",235,"Padma"
"146",174,1,"Cereals",3,"Rice",237,"Rasi"
"147",175,1,"Cereals",3,"Rice",238,"Shakti"
"148",177,1,"Cereals",3,"Rice",240,"Rajbhog"
"149",178,1,"Cereals",3,"Rice",241,"Kaddi"
"150",179,1,"Cereals",3,"Rice",242,"Malnad gidda"
"151",181,1,"Cereals",3,"Rice",245,"Kattasambar"
"152",182,1,"Cereals",3,"Rice",246,"Mandyavani"
"153",183,1,"Cereals",3,"Rice",247,"Broken Rice"
"154",184,1,"Cereals",3,"Rice",248,"Vijaya"
"155",186,1,"Cereals",3,"Rice",250,"BT Sona"
"156",187,1,"Cereals",3,"Rice",251,"Muchal"
"157",189,1,"Cereals",3,"Rice",254,"GMR Steam"
"158",190,1,"Cereals",3,"Rice",255,"Hamsa St."
"159",191,1,"Cereals",3,"Rice",256,"Hansa"
"160",193,1,"Cereals",3,"Rice",263,"Sujatha (B. T)"
"161",194,1,"Cereals",3,"Rice",999,"Other"
"162",263,2,"Pulses",49,"Arhar",1,"Tur (Whole) Arhar"
"163",264,2,"Pulses",49,"Arhar",15,"Black"
"164",265,2,"Pulses",49,"Arhar",16,"White"
"165",267,2,"Pulses",49,"Arhar",999,"Other"
"166",269,2,"Pulses",91,"Avare",1,"Avare (Whole)"
"167",222,1,"Cereals",28,"Bajra",8,"Hybrid"
"168",223,1,"Cereals",28,"Bajra",10,"Local"
"169",225,1,"Cereals",28,"Bajra",999,"Other"
"170",226,1,"Cereals",29,"Barley",3,"Local"
"171",227,1,"Cereals",29,"Barley",999,"Other"
"172",276,2,"Pulses",263,"Bengal Gramdal",1,"Bengal Gram Dal"
"173",249,2,"Pulses",6,"Bengalgram",1,"Average(Whole)"
"174",251,2,"Pulses",6,"Bengalgram",999,"Other"
"175",277,2,"Pulses",264,"Black Gramdal",1,"Black Gram Dal"
"176",255,2,"Pulses",8,"Blackgram",10,"Black Gram (Whole)"
"177",256,2,"Pulses",8,"Blackgram",999,"Other"
"178",286,2,"Pulses",284,"Bullar",2,"Bullar-S"
"179",320,3,"Oil Seeds",123,"Castor Seed",1,"Castor seed"
"180",287,2,"Pulses",295,"Chennangidal",1,"Chennagidal"
"181",325,3,"Oil Seeds",129,"Copra",2,"Medium"
"182",326,3,"Oil Seeds",129,"Copra",3,"Small"
"183",318,3,"Oil Seeds",99,"Cotton Seed",1,"Cotton Seed"
"184",270,2,"Pulses",92,"Cowpea",1,"Cowpea (Whole)"
"185",278,2,"Pulses",265,"Green Gramdal",1,"Green Gram Dal"
"186",268,2,"Pulses",50,"Green Peas",1,"Green Peas"
"187",258,2,"Pulses",9,"Greengram",4,"Local (Whole)"
"188",259,2,"Pulses",9,"Greengram",17,"Jawari/Local"
"189",260,2,"Pulses",9,"Greengram",18,"Medium"
"190",261,2,"Pulses",9,"Greengram",19,"Small"
"191",288,3,"Oil Seeds",10,"Groundnut",1,"Big (With Shell)"
"192",289,3,"Oil Seeds",10,"Groundnut",4,"Gungri (With Shell)"
"193",290,3,"Oil Seeds",10,"Groundnut",6,"Shelled (Bunch)"
"194",292,3,"Oil Seeds",10,"Groundnut",16,"Gejje"
"195",293,3,"Oil Seeds",10,"Groundnut",17,"Madras"
"196",294,3,"Oil Seeds",10,"Groundnut",18,"Javeri"
"197",296,3,"Oil Seeds",10,"Groundnut",20,"Hybrid"
"198",297,3,"Oil Seeds",10,"Groundnut",21,"Bold"
"199",298,3,"Oil Seeds",10,"Groundnut",999,"Other"
"200",321,3,"Oil Seeds",124,"Honge Seed",1,"Honge Seed"
"201",274,2,"Pulses",114,"Horse Gram",1,"Horse gram (Whole)"
"202",237,1,"Cereals",119,"Hybrid Cumbu",999,"Other"
"203",221,1,"Cereals",5,"Jowar",999,"Other"
"204",273,2,"Pulses",96,"Lak",1,"Lak (Whole)"
"205",315,3,"Oil Seeds",63,"Lentil",999,"Other"
"206",271,2,"Pulses",93,"Mataki",1,"Mataki (W)"
"207",272,2,"Pulses",95,"Moath",1,"Moath (W)"
"208",305,3,"Oil Seeds",12,"Mustard",999,"Other"
"209",240,1,"Cereals",121,"Navane",999,"Other"
"210",323,3,"Oil Seeds",126,"Neem Seed",1,"Neem Seed"
"211",317,3,"Oil Seeds",98,"Niger Seed",1,"Niger Seed"
"212",228,1,"Cereals",30,"Ragi",1,"Fine"
"213",230,1,"Cereals",30,"Ragi",3,"Red"
"214",231,1,"Cereals",30,"Ragi",4,"Hybrid"
"215",233,1,"Cereals",30,"Ragi",6,"Feeds (Poultry Quality)"
"216",234,1,"Cereals",30,"Ragi",7,"Medium"
"217",235,1,"Cereals",30,"Ragi",8,"Medium Fine"
"218",252,2,"Pulses",7,"Redgram",1,"(Whole)"
"219",253,2,"Pulses",7,"Redgram",6,"Ordinary (Split)"
"220",254,2,"Pulses",7,"Redgram",999,"Other"
"221",243,1,"Cereals",271,"Sajje",1,"Sajje"
"222",241,1,"Cereals",122,"Same/Savi",1,"Same/Savi Local"
"223",299,3,"Oil Seeds",11,"Sesamum",7,"Red"
"224",300,3,"Oil Seeds",11,"Sesamum",8,"White"
"225",302,3,"Oil Seeds",11,"Sesamum",10,"Chitti"
"226",303,3,"Oil Seeds",11,"Sesamum",11,"Sesame"
"227",304,3,"Oil Seeds",11,"Sesamum",999,"Other"
"228",245,1,"Cereals",286,"Soji",2,"White Soji"
"229",246,1,"Cereals",286,"Soji",3,"Bansi Soji"
"230",247,1,"Cereals",286,"Soji",4,"Chiroti Soji"
"231",306,3,"Oil Seeds",13,"Soyabeen",1,"Yellow"
"232",307,3,"Oil Seeds",13,"Soyabeen",2,"Black"
"233",309,3,"Oil Seeds",13,"Soyabeen",999,"Other"
"234",310,3,"Oil Seeds",14,"Sunflower",3,"Sunflower"
"235",311,3,"Oil Seeds",14,"Sunflower",11,"Local"
"236",313,3,"Oil Seeds",14,"Sunflower",999,"Other"
"237",238,1,"Cereals",120,"T. V. Cumbu",999,"Other"
"238",280,2,"Pulses",275,"Tur",1,"Tur"
"239",281,2,"Pulses",275,"Tur",2,"White"
"240",283,2,"Pulses",275,"Tur",4,"Red"
"241",275,2,"Pulses",260,"Tur Dal",1,"Tur Dal"
"242",390,5,"Fruits",17,"Apple",22,"Simla"
"243",392,5,"Fruits",17,"Apple",999,"Other"
"244",395,5,"Fruits",19,"Banana",5,"Medium"
"245",397,5,"Fruits",19,"Banana",8,"Rasa Bale"
"246",398,5,"Fruits",19,"Banana",9,"Nendra Bale"
"247",399,5,"Fruits",19,"Banana",10,"Banana - Ripe"
"248",401,5,"Fruits",19,"Banana",12,"Elakki Bale"
"249",402,5,"Fruits",19,"Banana",13,"Nauti Bale"
"250",403,5,"Fruits",19,"Banana",999,"Other"
"251",327,3,"Oil Seeds",129,"Copra",4,"Dheevi"
"252",328,3,"Oil Seeds",129,"Copra",5,"Ball"
"253",329,3,"Oil Seeds",129,"Copra",6,"Milling"
"254",330,3,"Oil Seeds",129,"Copra",999,"Other"
"255",335,4,"Fibre Crops",15,"Cotton",6,"Lakshmi"
"256",336,4,"Fibre Crops",15,"Cotton",7,"Kapas (Adoni)"
"257",337,4,"Fibre Crops",15,"Cotton",20,"NH-44 COTTON"
"258",338,4,"Fibre Crops",15,"Cotton",25,"BANNI"
"259",340,4,"Fibre Crops",15,"Cotton",32,"Jaydhar"
"260",341,4,"Fibre Crops",15,"Cotton",56,"Cotton Ginned"
"261",342,4,"Fibre Crops",15,"Cotton",57,"Jayadhar (Ginned)"
"262",344,4,"Fibre Crops",15,"Cotton",59,"DCH-32  (Ginned)"
"263",345,4,"Fibre Crops",15,"Cotton",60,"Laxmi  (Ginned)"
"264",346,4,"Fibre Crops",15,"Cotton",61,"CO2  (Ginned)"
"265",348,4,"Fibre Crops",15,"Cotton",63,"Sharada"
"266",349,4,"Fibre Crops",15,"Cotton",64,"Suyodhar  (Ginned)"
"267",350,4,"Fibre Crops",15,"Cotton",65,"170-CO2 (Ginned)"
"268",352,4,"Fibre Crops",15,"Cotton",67,"AK-235  (Ginned)"
"269",353,4,"Fibre Crops",15,"Cotton",68,"Jayalaxmi  (Ginned)"
"270",354,4,"Fibre Crops",15,"Cotton",69,"R-51  (Ginned)"
"271",355,4,"Fibre Crops",15,"Cotton",70,"LRA  (Ginned)"
"272",357,4,"Fibre Crops",15,"Cotton",72,"H.B  (Ginned)"
"273",358,4,"Fibre Crops",15,"Cotton",73,"Hy-4  (Ginned)"
"274",359,4,"Fibre Crops",15,"Cotton",74,"Varalakshmi  (Ginned)"
"275",360,4,"Fibre Crops",15,"Cotton",75,"D.C.H."
"276",362,4,"Fibre Crops",15,"Cotton",77,"Brahma"
"277",363,4,"Fibre Crops",15,"Cotton",78,"Chamatkar"
"278",364,4,"Fibre Crops",15,"Cotton",79,"BT"
"279",366,4,"Fibre Crops",15,"Cotton",81,"A.H.H.468"
"280",367,4,"Fibre Crops",15,"Cotton",82,"LRA-5166"
"281",368,4,"Fibre Crops",15,"Cotton",83,"H6"
"282",370,4,"Fibre Crops",15,"Cotton",85,"V-797"
"283",371,4,"Fibre Crops",15,"Cotton",86,"JKHY-1"
"284",373,4,"Fibre Crops",15,"Cotton",88,"Sankar-10"
"285",374,4,"Fibre Crops",15,"Cotton",89,"MCU-5"
"286",375,4,"Fibre Crops",15,"Cotton",90,"Surabhi"
"287",376,4,"Fibre Crops",15,"Cotton",91,"Suvin"
"288",378,4,"Fibre Crops",15,"Cotton",93,"Special Length 29.5-30.5mm and Micronare Value 3.5-4.3"
"289",379,4,"Fibre Crops",15,"Cotton",999,"Other"
"290",332,3,"Oil Seeds",276,"Gingelly Oil",1,"Gingelly Oil"
"291",419,5,"Fruits",22,"Grapes",2,"Black"
"292",420,5,"Fruits",22,"Grapes",3,"Green"
"293",421,5,"Fruits",22,"Grapes",4,"White"
"294",331,3,"Oil Seeds",268,"Groundnut Seed",1,"Ground Nut Seed"
"295",431,5,"Fruits",185,"Guava",4,"Guava"
"296",429,5,"Fruits",182,"Jack Fruit",1,"Jack Fruit"
"297",380,4,"Fibre Crops",16,"Jute",4,"Jute"
"298",381,4,"Fibre Crops",16,"Jute",999,"Other"
"299",383,4,"Fibre Crops",280,"Lint ",1,"Jaydhar"
"300",384,4,"Fibre Crops",280,"Lint ",2,"D.C.H."
"301",385,4,"Fibre Crops",280,"Lint ",4,"HYBRID-44"
"302",387,4,"Fibre Crops",280,"Lint ",6,"Lakshmi"
"303",388,4,"Fibre Crops",280,"Lint ",999,"Others"
"304",404,5,"Fruits",20,"Mango",3,"Totapuri"
"305",405,5,"Fruits",20,"Mango",10,"Hapus(Alphaso)"
"306",407,5,"Fruits",20,"Mango",12,"Raspuri"
"307",408,5,"Fruits",20,"Mango",13,"Malgoa"
"308",410,5,"Fruits",20,"Mango",15,"Badami"
"309",411,5,"Fruits",20,"Mango",16,"Sindura"
"310",413,5,"Fruits",20,"Mango",18,"Malguba"
"311",414,5,"Fruits",20,"Mango",19,"Kalapad"
"312",415,5,"Fruits",20,"Mango",20,"Nati"
"313",428,5,"Fruits",181,"Marasebu",1,"Marasebu"
"314",427,5,"Fruits",77,"Mousambi",1,"Mousambi"
"315",394,5,"Fruits",18,"Orange",999,"Other"
"316",425,5,"Fruits",72,"Papaya",1,"Papaya"
"317",418,5,"Fruits",21,"Pine Apple",999,"Other"
"318",430,5,"Fruits",183,"Siddota",1,"Siddota"
"319",382,4,"Fibre Crops",139,"Sunhemp",999,"Other"
"320",423,5,"Fruits",70,"Sweet Lime",999,"Other"
"321",484,6,"Vegetables",83,"Ash Gourd",2,"Ashgourd"
"322",489,6,"Vegetables",94,"Beans",1,"Beans (Whole)"
"323",502,6,"Vegetables",157,"Beetroot",1,"Beetroot"
"324",477,6,"Vegetables",51,"Binoula",999,"Other"
"325",482,6,"Vegetables",81,"Bitter Gourd",1,"Bitter Gourd"
"326",434,5,"Fruits",189,"Borehannu",1,"Borehannu"
"327",464,6,"Vegetables",35,"Brinjal",1,"Round"
"328",465,6,"Vegetables",35,"Brinjal",2,"Round/Long"
"329",466,6,"Vegetables",35,"Brinjal",3,"Irangeri"
"330",467,6,"Vegetables",35,"Brinjal",4,"Kengeri"
"331",469,6,"Vegetables",35,"Brinjal",6,"Arkasheela Mattigulla"
"332",470,6,"Vegetables",35,"Brinjal",7,"Mattigulla"
"333",472,6,"Vegetables",35,"Brinjal",9,"Brinjal"
"334",473,6,"Vegetables",35,"Brinjal",999,"Other"
"335",523,6,"Vegetables",224,"Bunch Beans",1,"Bunch Beans"
"336",499,6,"Vegetables",154,"Cabbage",1,"Cabbage"
"337",496,6,"Vegetables",153,"Carrot",1,"Pusakesar"
"338",497,6,"Vegetables",153,"Carrot",2,"Carrot"
"339",498,6,"Vegetables",153,"Carrot",999,"Others"
"340",462,6,"Vegetables",34,"Cauliflower",7,"Local"
"341",433,5,"Fruits",188,"Chakootha",1,"Chakootha"
"342",513,6,"Vegetables",169,"Chapparada Avare",1,"Chapparada Avarekai"
"343",486,6,"Vegetables",88,"Chilly Capsicum",1,"Chilly Capsicum"
"344",528,7,"Spices",26,"Chilly Red",999,"Other"
"345",475,6,"Vegetables",43,"Coriander",4,"Coriander"
"346",487,6,"Vegetables",89,"Cowpea (Veg)",1,"Cowpea (Veg)"
"347",504,6,"Vegetables",159,"Cucumbar",1,"Cucumbar"
"348",508,6,"Vegetables",163,"Duster Beans",999,"Other"
"349",478,6,"Vegetables",64,"Field Pea",999,"Other"
"350",526,7,"Spices",25,"Garlic",3,"Garlic"
"351",527,7,"Spices",25,"Garlic",999,"Other"
"352",530,7,"Spices",27,"Ginger",3,"Fresh Unbleached"
"353",531,7,"Spices",27,"Ginger",5,"Hybrid"
"354",510,6,"Vegetables",165,"Green Avare (W)",3,"Green Avare (W)"
"355",485,6,"Vegetables",87,"Green Chilly",1,"Green Chilly"
"356",490,6,"Vegetables",103,"Green Ginger",1,"Green Ginger"
"357",500,6,"Vegetables",155,"Ladies Finger",1,"Ladies Finger"
"358",515,6,"Vegetables",171,"Leafy Vegetables",1,"Leafy Vegetables"
"359",522,6,"Vegetables",180,"Lime (Lemon)",1,"Lime (Lemon)"
"360",524,6,"Vegetables",225,"Maragenasu",1,"Maragenasu"
"361",476,6,"Vegetables",46,"Methi",1,"Methi"
"362",438,5,"Fruits",222,"Nerale Hannu",1,"Nerle Hannu"
"363",439,6,"Vegetables",23,"Onion",2,"Bombay (U.P.)"
"364",440,6,"Vegetables",23,"Onion",9,"Bellary Red"
"365",441,6,"Vegetables",23,"Onion",10,"White"
"366",443,6,"Vegetables",23,"Onion",12,"Pusa-Red"
"367",444,6,"Vegetables",23,"Onion",13,"Local"
"368",445,6,"Vegetables",23,"Onion",14,"Hybrid"
"369",447,6,"Vegetables",23,"Onion",16,"Puna"
"370",448,6,"Vegetables",23,"Onion",17,"Telagi"
"371",449,6,"Vegetables",23,"Onion",50,"Rose Onion"
"372",450,6,"Vegetables",23,"Onion",999,"Other"
"373",518,6,"Vegetables",174,"Peas Wet",1,"Peas Wet"
"374",435,5,"Fruits",190,"Pomagranate",1,"Pomogranate"
"375",452,6,"Vegetables",24,"Potato",8,"Shimla"
"376",453,6,"Vegetables",24,"Potato",9,"Jalander"
"377",454,6,"Vegetables",24,"Potato",10,"Jyoti"
"378",455,6,"Vegetables",24,"Potato",11,"Sinduri"
"379",457,6,"Vegetables",24,"Potato",13,"Badshah"
"380",458,6,"Vegetables",24,"Potato",14,"Local"
"381",459,6,"Vegetables",24,"Potato",15,"Potato"
"382",460,6,"Vegetables",24,"Potato",17,"Chips"
"383",506,6,"Vegetables",161,"Raddish",1,"Raddish"
"384",505,6,"Vegetables",160,"Ridgeguard",1,"Ridgeguard"
"385",525,6,"Vegetables",277,"Season Leaves",1,"Season Leaves"
"386",436,5,"Fruits",201,"Seethaphal",1,"Seethaphal"
"387",501,6,"Vegetables",156,"Snakeguard",1,"Snakeguard"
"388",521,6,"Vegetables",178,"Suvarnagadde",1,"Suvarnagadde"
"389",491,6,"Vegetables",152,"Sweet Potato",1,"Hosur Red"
"390",493,6,"Vegetables",152,"Sweet Potato",3,"Sweet Potato"
"391",494,6,"Vegetables",152,"Sweet Potato",4,"White"
"392",495,6,"Vegetables",152,"Sweet Potato",999,"Other"
"393",514,6,"Vegetables",170,"Thogarikai",1,"Thogarikai"
"394",507,6,"Vegetables",162,"Thondekai",1,"Thondekai"
"395",479,6,"Vegetables",66,"Thoria",999,"Other"
"396",480,6,"Vegetables",78,"Tomato",4,"Hybrid"
"397",481,6,"Vegetables",78,"Tomato",5,"Tomato"
"398",632,11,"Drugs & Narcotics",140,"Arecanut",1,"Red"
"399",634,11,"Drugs & Narcotics",140,"Arecanut",3,"Sippegotu"
"400",635,11,"Drugs & Narcotics",140,"Arecanut",4,"Bilegotu"
"401",636,11,"Drugs & Narcotics",140,"Arecanut",5,"Api"
"402",637,11,"Drugs & Narcotics",140,"Arecanut",6,"Kempugotu"
"403",542,7,"Spices",41,"Betalnuts",999,"Other"
"404",622,10,"Other",290,"Bran",1,"Bran"
"405",624,10,"Other",290,"Bran",3,"Flakes"
"406",625,10,"Other",290,"Bran",4,"Gram Husk"
"407",626,10,"Other",290,"Bran",5,"Rava Bran"
"408",628,10,"Other",290,"Bran",7,"Sunil Flakes"
"409",618,10,"Other",272,"Butter",1,"Butter"
"410",541,7,"Spices",40,"Cardamoms",999,"Other"
"411",561,8,"Dry Fruits",36,"Cashewnut",999,"Other"
"412",616,10,"Other",241,"Chennangi (W)",1,"Chennangi (W)"
"413",615,10,"Other",239,"Citrus Fruit",1,"Citrus Fruits"
"414",577,10,"Other",37,"Coconut (Per 1000)",1,"IISort  without Husk"
"415",578,10,"Other",37,"Coconut (Per 1000)",2,"Grade-I"
"416",579,10,"Other",37,"Coconut (Per 1000)",3,"Grade- II"
"417",581,10,"Other",37,"Coconut (Per 1000)",5,"Imported"
"418",582,10,"Other",37,"Coconut (Per 1000)",6,"Coconut"
"419",583,10,"Other",37,"Coconut (Per 1000)",7,"Big"
"420",584,10,"Other",37,"Coconut (Per 1000)",8,"Medium"
"421",586,10,"Other",37,"Coconut (Per 1000)",999,"Other"
"422",571,9,"Beverages",45,"Coffee",1,"Plantation A"
"423",572,9,"Beverages",45,"Coffee",2,"Plantation B"
"424",573,9,"Beverages",45,"Coffee",3,"Plantation PB"
"425",574,9,"Beverages",45,"Coffee",4,"Robchy AB"
"426",576,9,"Beverages",45,"Coffee",999,"Other"
"427",546,7,"Spices",108,"Coriander Seed",1,"Coriander Seed"
"428",543,7,"Spices",42,"Cumminseed",1,"Common"
"429",619,10,"Other",273,"Dalda",1,"Dalda"
"430",593,10,"Other",69,"Dhaincha",999,"Other"
"431",547,7,"Spices",132,"Dry Chillies",1,"Byadgi"
"432",549,7,"Spices",132,"Dry Chillies",3,"Chincholi"
"433",550,7,"Spices",132,"Dry Chillies",4,"Mysore"
"434",551,7,"Spices",132,"Dry Chillies",5,"Gowribidanur"
"435",553,7,"Spices",132,"Dry Chillies",7,"Dabbi"
"436",554,7,"Spices",132,"Dry Chillies",8,"Mankattu"
"437",555,7,"Spices",132,"Dry Chillies",9,"Kaddi"
"438",556,7,"Spices",132,"Dry Chillies",10,"Local"
"439",558,7,"Spices",132,"Dry Chillies",12,"Guntur"
"440",559,7,"Spices",132,"Dry Chillies",999,"Other"
"441",617,10,"Other",252,"Haralekai",1,"Heralekai"
"442",613,10,"Other",236,"Honey",999,"Other"
"443",595,10,"Other",151,"Jaggery",1,"Achhu"
"444",596,10,"Other",151,"Jaggery",2,"Mudde"
"445",598,10,"Other",151,"Jaggery",4,"Black"
"446",599,10,"Other",151,"Jaggery",5,"Yellow"
"447",601,10,"Other",151,"Jaggery",7,"Kurikatu"
"448",602,10,"Other",151,"Jaggery",8,"Pathari"
"449",603,10,"Other",151,"Jaggery",9,"Mattikari"
"450",605,10,"Other",151,"Jaggery",11,"Bharakari"
"451",606,10,"Other",151,"Jaggery",13,"Grade-I"
"452",607,10,"Other",151,"Jaggery",14,"Grade-II"
"453",609,10,"Other",151,"Jaggery",16,"PENTI"
"454",610,10,"Other",151,"Jaggery",999,"Other"
"455",621,10,"Other",288,"Maida Atta",1,"Maida Atta"
"456",589,10,"Other",60,"Mash",999,"Other"
"457",545,7,"Spices",47,"Methi Seeds",1,"Methiseeds"
"458",614,10,"Other",237,"Millets",999,"Other"
"459",533,7,"Spices",38,"Pepper",1,"Black Pepper"
"460",534,7,"Spices",38,"Pepper",2,"Green Pepper"
"461",592,10,"Other",65,"Raya",999,"Other"
"462",591,10,"Other",62,"Riccbcan",999,"Other"
"463",629,10,"Other",291,"Sabudan",1,"Sabu Dan"
"464",630,10,"Other",291,"Sabudan",999,"Other"
"465",588,10,"Other",48,"Sugar",4,"Fine"
"466",594,10,"Other",150,"Sugarcane",1,"Sugarcane"
"467",564,9,"Beverages",44,"Tea",1,"All Dust"
"468",566,9,"Beverages",44,"Tea",3,"Assam C.T.C. Leaf"
"469",567,9,"Beverages",44,"Tea",4,"C.T.C. Dust"
"470",568,9,"Beverages",44,"Tea",5,"Cachar C.T.C. Dust"
"471",569,9,"Beverages",44,"Tea",6,"Cachar C.T.C. Leaf"
"472",570,9,"Beverages",44,"Tea",999,"Other"
"473",536,7,"Spices",39,"Turmeric",5,"Turmeric"
"474",537,7,"Spices",39,"Turmeric",7,"Local"
"475",538,7,"Spices",39,"Turmeric",8,"Turmeric Powder"
"476",540,7,"Spices",39,"Turmeric",10,"Turmeric Stick"
"477",620,10,"Other",287,"Wheat Atta",1,"Wheat Atta"
"478",284,2,"Pulses",281,"Alasande Gram",1,"Alasande Gram"
"479",511,6,"Vegetables",166,"Alasandikai",1,"Alasandikai"
"480",720,14,"Flowers",227,"All Flowers",999,"Other"
"481",562,8,"Dry Fruits",221,"Anjura",999,"Other"
"482",705,12,"Forest Products",209,"Antawala",1,"Antawala"
"483",638,11,"Drugs & Narcotics",140,"Arecanut",7,"Coca"
"484",639,11,"Drugs & Narcotics",140,"Arecanut",8,"Bette"
"485",640,11,"Drugs & Narcotics",140,"Arecanut",9,"Saraku"
"486",642,11,"Drugs & Narcotics",140,"Arecanut",11,"Podi"
"487",643,11,"Drugs & Narcotics",140,"Arecanut",12,"Pudi"
"488",644,11,"Drugs & Narcotics",140,"Arecanut",13,"Churu"
"489",646,11,"Drugs & Narcotics",140,"Arecanut",15,"Chippu"
"490",647,11,"Drugs & Narcotics",140,"Arecanut",16,"Rashi"
"491",648,11,"Drugs & Narcotics",140,"Arecanut",17,"Malbar"
"492",650,11,"Drugs & Narcotics",140,"Arecanut",19,"Supari"
"493",651,11,"Drugs & Narcotics",140,"Arecanut",20,"New Variety"
"494",652,11,"Drugs & Narcotics",140,"Arecanut",21,"EDI"
"495",654,11,"Drugs & Narcotics",140,"Arecanut",23,"Raw"
"496",655,11,"Drugs & Narcotics",140,"Arecanut",24,"Old Variety"
"497",656,11,"Drugs & Narcotics",140,"Arecanut",25,"Chali"
"498",657,11,"Drugs & Narcotics",140,"Arecanut",26,"Neeradike"
"499",659,11,"Drugs & Narcotics",140,"Arecanut",28,"Hosa Chali"
"500",660,11,"Drugs & Narcotics",140,"Arecanut",29,"Hale Chali"
"501",661,11,"Drugs & Narcotics",140,"Arecanut",30,"Hannadike"
"502",662,11,"Drugs & Narcotics",140,"Arecanut",31,"Idi"
"503",725,14,"Flowers",232,"Astera",999,"Other"
"504",698,12,"Forest Products",204,"Bamboo",1,"Bamboo"
"505",668,11,"Drugs & Narcotics",143,"Betal Leaves",1,"Mysore"
"506",669,11,"Drugs & Narcotics",143,"Betal Leaves",2,"Madras"
"507",671,11,"Drugs & Narcotics",143,"Betal Leaves",4,"Local"
"508",672,11,"Drugs & Narcotics",143,"Betal Leaves",999,"Other"
"509",709,13,"Live Stock/Poultry",214,"Bull (For Each)",1,"Bull"
"510",710,13,"Live Stock/Poultry",215,"Calf (For Each)",999,"Other"
"511",699,12,"Forest Products",205,"Cane",1,"Cane"
"512",707,13,"Live Stock/Poultry",212,"Cow (For Each)",1,"Cow"
"513",700,12,"Forest Products",206,"Firewood",1,"Firewood"
"514",716,13,"Live Stock/Poultry",219,"Goat (For Each)",1,"Goat"
"515",711,13,"Live Stock/Poultry",216,"He Baffalo (For Each)",1,"He Baffelo"
"516",722,14,"Flowers",229,"Jasmine",999,"Other"
"517",726,14,"Flowers",233,"Kanakambara",999,"Other"
"518",728,14,"Flowers",235,"Marygold",999,"Other"
"519",708,13,"Live Stock/Poultry",213,"Ox (For Each)",1,"Ox"
"520",721,14,"Flowers",228,"Rose",999,"Other"
"521",712,13,"Live Stock/Poultry",217,"She Baffalo (For Each)",1,"She Baffelo"
"522",719,13,"Live Stock/Poultry",283,"She Goat (For Each)",1,"She Goat"
"523",714,13,"Live Stock/Poultry",218,"Sheep (For Each)",2,"Sheep Medium"
"524",715,13,"Live Stock/Poultry",218,"Sheep (For Each)",3,"Sheep Large"
"525",717,13,"Live Stock/Poultry",226,"Skin and Hide",999,"Other"
"526",701,12,"Forest Products",207,"Soapnut",1,"Fine New"
"527",702,12,"Forest Products",207,"Soapnut",2,"Medium"
"528",703,12,"Forest Products",207,"Soapnut",999,"Other"
"529",704,12,"Forest Products",208,"Tamarind Seed",1,"Tamarind Seed"
"530",664,11,"Drugs & Narcotics",141,"Tobacco",1,"Verginia"
"531",665,11,"Drugs & Narcotics",141,"Tobacco",2,"Beedi"
"532",667,11,"Drugs & Narcotics",141,"Tobacco",999,"Other"
"533",727,14,"Flowers",234,"Tube Flower",999,"Other"
"534",673,12,"Forest Products",203,"Wood",1,"Beete (Rose)"
"535",674,12,"Forest Products",203,"Wood",2,"Hadaee"
"536",676,12,"Forest Products",203,"Wood",4,"Iyani"
"537",677,12,"Forest Products",203,"Wood",5,"Jamba"
"538",678,12,"Forest Products",203,"Wood",6,"Kindle"
"539",680,12,"Forest Products",203,"Wood",8,"Rampatre"
"540",681,12,"Forest Products",203,"Wood",9,"White Cedar"
"541",682,12,"Forest Products",203,"Wood",10,"Parivala"
"542",684,12,"Forest Products",203,"Wood",12,"Ganjan"
"543",685,12,"Forest Products",203,"Wood",13,"Haladi"
"544",686,12,"Forest Products",203,"Wood",14,"Honne"
"545",688,12,"Forest Products",203,"Wood",16,"Kalan"
"546",689,12,"Forest Products",203,"Wood",17,"Mango Tree"
"547",690,12,"Forest Products",203,"Wood",18,"Nandi"
"548",692,12,"Forest Products",203,"Wood",20,"Silveroak"
"549",693,12,"Forest Products",203,"Wood",21,"Eucalyptus"
"550",694,12,"Forest Products",203,"Wood",22,"Hadga"
"551",696,12,"Forest Products",203,"Wood",24,"Balau"
"552",697,12,"Forest Products",203,"Wood",999,"Other"
"553",389,5,"Fruits",17,"Apple",10,"Kasmir/Shimla - II"
"554",391,5,"Fruits",17,"Apple",23,"Apple"
"555",633,11,"Drugs & Narcotics",140,"Arecanut",2,"White"
"556",641,11,"Drugs & Narcotics",140,"Arecanut",10,"Gorabalu"
"557",645,11,"Drugs & Narcotics",140,"Arecanut",14,"Tattibettee"
"558",649,11,"Drugs & Narcotics",140,"Arecanut",18,"Factory"
"559",653,11,"Drugs & Narcotics",140,"Arecanut",22,"Kole"
"560",658,11,"Drugs & Narcotics",140,"Arecanut",27,"ARECANUT-HUSK"
"561",663,11,"Drugs & Narcotics",140,"Arecanut",999,"Other"
"562",266,2,"Pulses",49,"Arhar",17,"Red"
"563",279,2,"Pulses",269,"Avaredal",1,"Avare Dal"
"564",224,1,"Cereals",28,"Bajra",20,"Jawari"
"565",396,5,"Fruits",19,"Banana",6,"Ordinary Big"
"566",400,5,"Fruits",19,"Banana",11,"Pachha Bale"
"567",488,6,"Vegetables",90,"Banana Green",1,"Banana - Green (Balekai)"
"568",242,1,"Cereals",262,"Beaten Rice",1,"Beaten Rice"
"569",250,2,"Pulses",6,"Bengalgram",22,"Jawari/Local"
"570",670,11,"Drugs & Narcotics",143,"Betal Leaves",3,"Ambadi"
"571",483,6,"Vegetables",82,"Bottle Gourd",1,"Bottle Gourd"
"572",623,10,"Other",290,"Bran",2,"Chakke Bran"
"573",627,10,"Other",290,"Bran",6,"Moong Chunni"
"574",468,6,"Vegetables",35,"Brinjal",5,"Malakura"
"575",471,6,"Vegetables",35,"Brinjal",8,"West Coast Round"
"576",285,2,"Pulses",284,"Bullar",1,"Bullar-W"
"577",509,6,"Vegetables",164,"Capsicum",1,"Capsicum"
"578",560,8,"Dry Fruits",36,"Cashewnut",4,"Local(Raw)"
"579",463,6,"Vegetables",34,"Cauliflower",8,"Cauliflower"
"580",424,5,"Fruits",71,"Chikoos (Sapota)",1,"Sapota"
"581",631,10,"Other",296,"Coco Brooms",1,"Coco Brooms"
"582",580,10,"Other",37,"Coconut (Per 1000)",4,"Grade-III"
"583",585,10,"Other",37,"Coconut (Per 1000)",9,"Small"
"584",575,9,"Beverages",45,"Coffee",5,"Robchy PB"
"585",324,3,"Oil Seeds",129,"Copra",1,"Copra"
"586",474,6,"Vegetables",43,"Coriander",2,"Local"
"587",334,4,"Fibre Crops",15,"Cotton",5,"Suyodhar"
"588",339,4,"Fibre Crops",15,"Cotton",26,"HYBRID-44"
"589",343,4,"Fibre Crops",15,"Cotton",58,"Hampi  (Ginned)"
"590",347,4,"Fibre Crops",15,"Cotton",62,"Mungari  (Ginned)"
"591",351,4,"Fibre Crops",15,"Cotton",66,"Jarilla  (Ginned)"
"592",356,4,"Fibre Crops",15,"Cotton",71,"Farm  (Ginned)"
"593",361,4,"Fibre Crops",15,"Cotton",76,"Cotton-64"
"594",365,4,"Fibre Crops",15,"Cotton",80,"N.H.H.44"
"595",369,4,"Fibre Crops",15,"Cotton",84,"PC-02"
"596",372,4,"Fibre Crops",15,"Cotton",87,"Sankar-6"
"597",377,4,"Fibre Crops",15,"Cotton",92,"Special Length 24.5-25.5mm and Micronare Value 4.3-5.1"
"598",724,14,"Flowers",231,"Crysanthamum",999,"Other"
"599",544,7,"Spices",42,"Cumminseed",999,"Other"
"600",512,6,"Vegetables",168,"Drum Stick",1,"Drumstick"
"601",548,7,"Spices",132,"Dry Chillies",2,"Sankeswara"
"602",552,7,"Spices",132,"Dry Chillies",6,"Pushajwala"
"603",557,7,"Spices",132,"Dry Chillies",11,"Hybrid"
"604",563,8,"Dry Fruits",278,"Dry Grapes",1,"Dry Grapes"
"605",319,3,"Oil Seeds",118,"Gingelly",999,"Other"
"606",529,7,"Spices",27,"Ginger",1,"Dry"
"607",532,7,"Spices",27,"Ginger",999,"Other"
"608",422,5,"Fruits",22,"Grapes",999,"Other"
"609",257,2,"Pulses",9,"Greengram",1,"Green Gram (Whole)"
"610",262,2,"Pulses",9,"Greengram",999,"Other"
"611",291,3,"Oil Seeds",10,"Groundnut",15,"Balli/Habbu"
"612",295,3,"Oil Seeds",10,"Groundnut",19,"Natte"
"613",333,3,"Oil Seeds",279,"Gurellu",1,"Gurellu"
"614",322,3,"Oil Seeds",125,"Hippe Seed",1,"Hippe Seed"
"615",597,10,"Other",151,"Jaggery",3,"Unde"
"616",600,10,"Other",151,"Jaggery",6,"Red"
"617",604,10,"Other",151,"Jaggery",10,"Disara"
"618",608,10,"Other",151,"Jaggery",15,"Grade-III"
"619",204,1,"Cereals",5,"Jowar",2,"Jowar ( White)"
"620",205,1,"Cereals",5,"Jowar",3,"Jowar (Yellow)"
"621",208,1,"Cereals",5,"Jowar",7,"Jowar Hybrid"
"622",213,1,"Cereals",5,"Jowar",12,"Mungari"
"623",216,1,"Cereals",5,"Jowar",15,"Renuka"
"624",219,1,"Cereals",5,"Jowar",18,"Bijapur Medium"
"625",220,1,"Cereals",5,"Jowar",19,"Hybrid"
"626",723,14,"Flowers",230,"Kakada",999,"Other"
"627",432,5,"Fruits",187,"Karbuja",1,"Karbhuja"
"628",590,10,"Other",61,"Kharif Mash",999,"Other"
"629",520,6,"Vegetables",177,"Knool Khol",1,"Knool Khol"
"630",316,3,"Oil Seeds",67,"Linseed",999,"Other"
"631",386,4,"Fibre Crops",280,"Lint ",5,"Suyodhar"
"632",198,1,"Cereals",4,"Maize",30,"Renuka"
"633",202,1,"Cereals",4,"Maize",36,"Sweet Corn (For Biscuits)"
"634",406,5,"Fruits",20,"Mango",11,"Mango"
"635",409,5,"Fruits",20,"Mango",14,"Neelam"
"636",412,5,"Fruits",20,"Mango",17,"Rajgiri"
"637",416,5,"Fruits",20,"Mango",999,"Other"
"638",516,6,"Vegetables",172,"Mango (Raw-Ripe)",1,"Mango - Raw-Ripe"
"639",239,1,"Cereals",121,"Navane",1,"Navane Hybrid"
"640",612,10,"Other",223,"Nellikai",1,"Nellikai"
"641",442,6,"Vegetables",23,"Onion",11,"Bangalore Small"
"642",446,6,"Vegetables",23,"Onion",15,"Onion"
"643",393,5,"Fruits",18,"Orange",6,"Orange"
"644",437,5,"Fruits",202,"Other Fruits",999,"Other"
"645",19,1,"Cereals",2,"Paddy",1,"Paddy"
"646",21,1,"Cereals",2,"Paddy",11,"I.R. 50"
"647",25,1,"Cereals",2,"Paddy",53,"Bangarakovi"
"648",29,1,"Cereals",2,"Paddy",57,"Gowri Sanna"
"649",33,1,"Cereals",2,"Paddy",62,"Paddy Sona"
"650",37,1,"Cereals",2,"Paddy",66,"Champakali"
"651",41,1,"Cereals",2,"Paddy",71,"Jenugudu"
"652",44,1,"Cereals",2,"Paddy",74,"Sona Mahsuri"
"653",48,1,"Cereals",2,"Paddy",78,"Rajahamsa"
"654",52,1,"Cereals",2,"Paddy",82,"Tallahamsa (Bilihamsa)"
"655",56,1,"Cereals",2,"Paddy",86,"Balesuli"
"656",60,1,"Cereals",2,"Paddy",90,"Chikkahhalga"
"657",64,1,"Cereals",2,"Paddy",94,"IR-8"
"658",68,1,"Cereals",2,"Paddy",98,"Kopila Sanna"
"659",72,1,"Cereals",2,"Paddy",103,"Phalguna"
"660",75,1,"Cereals",2,"Paddy",106,"Andhrasanna"
"661",79,1,"Cereals",2,"Paddy",110,"Paddy Emergency"
"662",83,1,"Cereals",2,"Paddy",114,"Paddy Vijaya"
"663",87,1,"Cereals",2,"Paddy",118,"Paddy Coarse Variety"
"664",91,1,"Cereals",2,"Paddy",201,"YERRAMALLIGE"
"665",96,1,"Cereals",2,"Paddy",300,"Devamallige"
"666",535,7,"Spices",38,"Pepper",999,"Other"
"667",417,5,"Fruits",21,"Pine Apple",1,"Pine Apple"
"668",451,6,"Vegetables",24,"Potato",2,"Chandramukhi"
"669",456,6,"Vegetables",24,"Potato",12,"Kuber"
"670",461,6,"Vegetables",24,"Potato",999,"Other"
"671",229,1,"Cereals",30,"Ragi",2,"Local"
"672",232,1,"Cereals",30,"Ragi",5,"Kusume"
"673",236,1,"Cereals",30,"Ragi",999,"Other"
"674",718,13,"Live Stock/Poultry",282,"Ram (For Each)",1,"Ram"
"675",99,1,"Cereals",3,"Rice",44,"Coarse (I.R.20)"
"676",103,1,"Cereals",3,"Rice",74,"Govt. Quality"
"677",107,1,"Cereals",3,"Rice",89,"IR 50"
"678",112,1,"Cereals",3,"Rice",120,"Masuri"
"679",116,1,"Cereals",3,"Rice",153,"Sujatha"
"680",120,1,"Cereals",3,"Rice",159,"Sarbati Sela"
"681",124,1,"Cereals",3,"Rice",169,"Sona Medium"
"682",128,1,"Cereals",3,"Rice",177,"Zeeraga Samba Rawrice"
"683",132,1,"Cereals",3,"Rice",189,"Bangarsanna"
"684",137,1,"Cereals",3,"Rice",196,"Sanna Bhatta"
"685",141,1,"Cereals",3,"Rice",200,"Bellary Sanna"
"686",145,1,"Cereals",3,"Rice",205,"Intan"
"687",149,1,"Cereals",3,"Rice",209,"Manila"
"688",153,1,"Cereals",3,"Rice",213,"Sambar"
"689",156,1,"Cereals",3,"Rice",216,"Tallahamsa (Bilihamsa)"
"690",161,1,"Cereals",3,"Rice",221,"Bantwal"
"691",165,1,"Cereals",3,"Rice",225,"Farm Kaddi"
"692",169,1,"Cereals",3,"Rice",231,"Kesari (Coorg)"
"693",173,1,"Cereals",3,"Rice",236,"Phalguna"
"694",176,1,"Cereals",3,"Rice",239,"Andhra Sanna"
"695",180,1,"Cereals",3,"Rice",244,"Arti Mashuri"
"696",185,1,"Cereals",3,"Rice",249,"Dappa"
"697",188,1,"Cereals",3,"Rice",253,"EMR Boiled"
"698",192,1,"Cereals",3,"Rice",257,"Jeera Samba"
"699",314,3,"Oil Seeds",59,"Safflower",4,"Safflower"
"700",519,6,"Vegetables",176,"Seemebadanekai",1,"Seemebadanekai"
"701",301,3,"Oil Seeds",11,"Sesamum",9,"Black"
"702",713,13,"Live Stock/Poultry",218,"Sheep (For Each)",1,"Sheep Small"
"703",244,1,"Cereals",286,"Soji",1,"Soji"
"704",248,1,"Cereals",286,"Soji",999,"Other"
"705",308,3,"Oil Seeds",13,"Soyabeen",5,"Soyabeen"
"706",587,10,"Other",48,"Sugar",2,"Sugar"
"707",312,3,"Oil Seeds",14,"Sunflower",12,"Hybrid"
"708",492,6,"Vegetables",152,"Sweet Potato",2,"Hosur Green"
"709",517,6,"Vegetables",173,"Sweet Pumpkin",1,"Sweet Pumpkin"
"710",706,12,"Forest Products",261,"Tamarind Fruit",1,"Tamarind Fruit"
"711",565,9,"Beverages",44,"Tea",2,"Assam C.T.C. Dust"
"712",611,10,"Other",200,"Tender Coconut",1,"Tender Coconut"
"713",666,11,"Drugs & Narcotics",141,"Tobacco",3,"Chewing"
"714",282,2,"Pulses",275,"Tur",3,"Black"
"715",539,7,"Spices",39,"Turmeric",9,"Turmeric Round"
"716",426,5,"Fruits",73,"Water Melon",1,"Water Melon"
"717",1,1,"Cereals",1,"Wheat",7,"Bansi"
"718",5,1,"Cereals",1,"Wheat",70,"Sona"
"719",9,1,"Cereals",1,"Wheat",74,"Kirthi"
"720",12,1,"Cereals",1,"Wheat",77,"U.P. 301"
"721",16,1,"Cereals",1,"Wheat",84,"Sharabathi"
"722",503,6,"Vegetables",158,"White Pumpkin",1,"White Pumpkin"
"723",675,12,"Forest Products",203,"Wood",3,"Hanimatta"
"724",679,12,"Forest Products",203,"Wood",7,"Matthi"
"725",683,12,"Forest Products",203,"Wood",11,"Bilwala"
"726",687,12,"Forest Products",203,"Wood",15,"Jack Tree"
"727",691,12,"Forest Products",203,"Wood",19,"Teak"
"728",695,12,"Forest Products",203,"Wood",23,"Salangabetu (Hard Wood)"
